User_Id;Full_Name;Age;Email;Password;Img_Path
1;Corey Bloxsom;20;cbloxsom0@vkontakte.ru;"zO5""~7?s4}";User\ProfilePicture (1).jpg
2;Koo Houtby;21;khoutby1@mac.com;jV4<@8~K;User\ProfilePicture (2).jpg
3;Haydon Coldrick;23;hcoldrick2@miitbeian.gov.cn;pY1~VsZ)8!Exp~x!;User\ProfilePicture (3).jpg
4;Carlin Mohun;21;cmohun3@usgs.gov;wQ3_g4=H%tjC\;User\ProfilePicture (4).jpg
5;Ilise Book;20;ibook4@ameblo.jp;qK4#&WsyAT$te!Pf;User\ProfilePicture (5).jpg
6;Curran Withringten;18;cwithringten5@a8.net;xX1/I28c{(wA(~;User\ProfilePicture (6).jpg
7;Babette oldey;39;boldey6@google.co.jp;kP0=o(GTZIMFd4.b;User\ProfilePicture (7).jpg
8;Horace Behnen;40;hbehnen7@zimbio.com;nW3*(rKPmi;User\ProfilePicture (8).jpg
9;Isak Whitney;38;iwhitney8@parallels.com;oD5_A.)`;User\ProfilePicture (9).jpg
10;Donalt Mollen;39;dmollen9@google.ru;kL0{`ThOfQdF';User\ProfilePicture (10).jpg
11;Odo Gowdridge;20;ogowdridgea@smugmug.com;jS4,~7*)fR;User\ProfilePicture (11).jpg
12;Britt Hymas;37;bhymasb@netlog.com;eU8}nhFsU?.;User\ProfilePicture (12).jpg
13;Dulcine Ackland;18;dacklandc@icio.us;cA9,e1F';User\ProfilePicture (13).jpg
14;Gail Stodd;26;gstoddd@imgur.com;mC0.Y%6_|;User\ProfilePicture (14).jpg
15;Jarrad Scurman;34;jscurmane@barnesandnoble.com;"hO2""U%OJ=?GED.C?";User\ProfilePicture (15).jpg
16;Addison Hirth;40;ahirthf@dailymail.co.uk;sN9!m{PR>2DYp6;User\ProfilePicture (16).jpg
17;Blythe Exroll;31;bexrollg@mozilla.com;aQ4}t1nNewkg;User\ProfilePicture (17).jpg
18;Ralf Arkwright;39;rarkwrighth@eventbrite.com;"rN9""<.jlCI=pUw";User\ProfilePicture (18).jpg
19;Rozelle Haith;26;rhaithi@networkadvertising.org;oK3,RqQf;User\ProfilePicture (19).jpg
20;Saxe Tibbles;30;stibblesj@clickbank.net;jM3/WNXEWsxP2m3e;User\ProfilePicture (20).jpg
21;Courtenay Priden;30;cpridenk@ow.ly;yM1&6i+x0;User\ProfilePicture (21).jpg
22;Ernestine Dyhouse;25;edyhousel@scribd.com;iO4.mcFRUJw2Ep;User\ProfilePicture (22).jpg
23;Reidar McCrachen;37;rmccrachenm@weather.com;rY6>/6`y;User\ProfilePicture (23).jpg
24;Antonietta Eardley;36;aeardleyn@last.fm;kL3}lk%'Mm<?Rh>Z;User\ProfilePicture (24).jpg
25;Barnaby Impey;40;bimpeyo@cyberchimps.com;"cV3/j,GY+sci""";User\ProfilePicture (25).jpg
26;Klemens Tilson;38;ktilsonp@pagesperso-orange.fr;mZ9&B+SvpEmt\Uv;User\ProfilePicture (26).jpg
27;Geoff Harman;22;gharmanq@kickstarter.com;"qQ5{YH*}""Qi@";User\ProfilePicture (27).jpg
28;Julianna Moreland;38;jmorelandr@rediff.com;jX2%pOEeFEj;User\ProfilePicture (28).jpg
29;Tamara Gladdor;34;tgladdors@netlog.com;sG3$f#M3yYTet';User\ProfilePicture (29).jpg
30;Husein Pull;30;hpullt@qq.com;dA7+q)k1D6/2;User\ProfilePicture (30).jpg
31;Jayme Baillie;26;jbaillieu@ezinearticles.com;mX3@<G1|k@tJ;User\ProfilePicture (31).jpg
32;Emmye Stimson;34;estimsonv@wufoo.com;lG9}33x~?QFUI0$;User\ProfilePicture (32).jpg
33;Alice Reckus;24;areckusw@istockphoto.com;sL1_O1m_;User\ProfilePicture (33).jpg
34;Giana Yates;31;gyatesx@irs.gov;dL7\F0kem1o_;User\ProfilePicture (34).jpg
35;Claribel Clemence;24;cclemencey@shinystat.com;eV1|AEnP;User\ProfilePicture (35).jpg
36;Fay Bordes;20;fbordesz@stanford.edu;"nN6`'NIwhp0R}g""{";User\ProfilePicture (36).jpg
37;Max Tessier;21;mtessier10@columbia.edu;wO3/=P{D(I;User\ProfilePicture (37).jpg
38;Midge Clendennen;26;mclendennen11@clickbank.net;aU9'mn*e#66l%e;User\ProfilePicture (38).jpg
39;Gilles Mattiato;32;gmattiato12@fotki.com;cT0,*X0C(w;User\ProfilePicture (39).jpg
40;Oates Normabell;27;onormabell13@facebook.com;fY1%.@SIVq;User\ProfilePicture (40).jpg
41;Mignonne Marcq;24;mmarcq14@mapy.cz;vH5&oypQz>a;User\ProfilePicture (41).jpg
42;Zilvia Cud;37;zcud15@homestead.com;lA9.$z*IZbu<b/}{;User\ProfilePicture (42).jpg
43;Cate Darbon;33;cdarbon16@cdc.gov;uF2\8WqHUw;User\ProfilePicture (43).jpg
44;Andrus Yarrall;21;ayarrall17@google.ru;eE6*SFoJN;User\ProfilePicture (44).jpg
45;Ford Turnell;25;fturnell18@example.com;lD3/{?VvEG;User\ProfilePicture (45).jpg
46;Saree Beves;38;sbeves19@miibeian.gov.cn;wA7%9nVGc!MV;User\ProfilePicture (46).jpg
47;Dennis Headly;31;dheadly1a@go.com;"nF0,""`?LtH";User\ProfilePicture (47).jpg
48;Codee Arkill;35;carkill1b@xrea.com;dG0+TP4r|5;User\ProfilePicture (48).jpg
49;Buiron Middell;24;bmiddell1c@un.org;xQ3'E%A!\y1nsOM;User\ProfilePicture (49).jpg
50;Damiano Llewellyn;19;dllewellyn1d@amazon.de;sZ0=1~K)a!g;User\ProfilePicture (50).jpg
51;Bunni Hotson;29;bhotson1e@issuu.com;iU7}1O_T2;User\ProfilePicture (51).jpg
52;Frederigo Kingsly;18;fkingsly1f@addthis.com;hG6<VLed=B>+1;User\ProfilePicture (52).jpg
53;Datha Phizackerly;28;dphizackerly1g@hatena.ne.jp;tO5}TNZ?FCw?*`?;User\ProfilePicture (53).jpg
54;Addy Greswell;31;agreswell1h@sphinn.com;eK8!i\/2+NR;User\ProfilePicture (54).jpg
55;Odetta Gierek;19;ogierek1i@printfriendly.com;jI2_&t#f2;User\ProfilePicture (55).jpg
56;Avivah Costley;18;acostley1j@deliciousdays.com;"nA2""!Qxy9";User\ProfilePicture (56).jpg
57;Desdemona Andreasen;21;dandreasen1k@dot.gov;xG0~JLY.ft)(Z93z;User\ProfilePicture (57).jpg
58;Anton Farrington;21;afarrington1l@yelp.com;nI6*)>Ku1dhl;User\ProfilePicture (58).jpg
59;Fee Pruvost;26;fpruvost1m@microsoft.com;"oF4|9Z?K1s""<x6";User\ProfilePicture (59).jpg
60;Becca Humblestone;25;bhumblestone1n@fastcompany.com;yB6@zIG=YL;User\ProfilePicture (60).jpg
61;Ethelbert Gurnell;23;egurnell1o@opera.com;xP8\,P=%lg~;User\ProfilePicture (61).jpg
62;Rhody Delle;36;rdelle1p@unc.edu;xO4~W?Z\n\;User\ProfilePicture (62).jpg
63;Nikolos Soule;35;nsoule1q@mtv.com;tI8#8q`CS;User\ProfilePicture (63).jpg
64;Deny Gartenfeld;38;dgartenfeld1r@marketwatch.com;hD1!SB2r;User\ProfilePicture (64).jpg
65;Wilt Petrov;22;wpetrov1s@homestead.com;aJ2?h>~{A=8`;User\ProfilePicture (65).jpg
66;Aggie Konke;33;akonke1t@instagram.com;qD5$hi=&;User\ProfilePicture (66).jpg
67;Merle Berlin;25;mberlin1u@twitter.com;rG4{4o*rr8E;User\ProfilePicture (67).jpg
68;Shawn Dower;37;sdower1v@si.edu;kJ1+#*XT?l.i;User\ProfilePicture (68).jpg
69;Genevra Rous;24;grous1w@yale.edu;tT5$dWEz`;User\ProfilePicture (69).jpg
70;Shirley Cobelli;21;scobelli1x@google.com;hK0$Y~m73q{{NRg;User\ProfilePicture (70).jpg
71;Wallis Leuchars;39;wleuchars1y@apache.org;uG5!9dFCd(|aNH;User\ProfilePicture (71).jpg
72;Berty Fullard;19;bfullard1z@cnet.com;pG4|6hO!Xs;User\ProfilePicture (72).jpg
73;Joan Hawtrey;29;jhawtrey20@go.com;rF4|7`|iJD4;User\ProfilePicture (73).jpg
74;Evania Tweedle;30;etweedle21@about.com;yX1+1gZl`3.ZB;User\ProfilePicture (74).jpg
75;Jefferey Judron;19;jjudron22@barnesandnoble.com;bP2=(x7))z19*x`0;User\ProfilePicture (75).jpg
76;Mikol Beszant;19;mbeszant23@slashdot.org;zP4~\{LvO*=b!;User\ProfilePicture (76).jpg
77;Dorothee Woolatt;34;dwoolatt24@engadget.com;sB4~w3YEq;User\ProfilePicture (77).jpg
78;Armin McGown;22;amcgown25@cloudflare.com;tT4&{XCjFq1;User\ProfilePicture (78).jpg
79;Herschel Dood;31;hdood26@va.gov;eT4&!DO<;User\ProfilePicture (79).jpg
80;Donica Ginnell;32;dginnell27@go.com;qV3|7lapP~{d%6A;User\ProfilePicture (80).jpg
81;Kathlin Yielding;29;kyielding28@seattletimes.com;kR6`RqSk@;User\ProfilePicture (81).jpg
82;Erastus Errol;24;eerrol29@altervista.org;yT8<G$(jQk;User\ProfilePicture (82).jpg
83;Salvatore Blinkhorn;32;sblinkhorn2a@utexas.edu;nD9.,!d&GxiDoG(;User\ProfilePicture (83).jpg
84;Lucille Aylesbury;35;laylesbury2b@vinaora.com;aL2_0&xJ`NMw'$/O;User\ProfilePicture (84).jpg
85;Ximenez Dinning;31;xdinning2c@posterous.com;gK7,+dD$d;User\ProfilePicture (85).jpg
86;Leicester Jockle;32;ljockle2d@nature.com;gL1?~W\sL4r0|;User\ProfilePicture (86).jpg
87;Rivkah Demko;30;rdemko2e@wikia.com;"xN7<x?G""@F>";User\ProfilePicture (87).jpg
88;Atalanta Eplett;27;aeplett2f@engadget.com;cX8+YSK*6'L;User\ProfilePicture (88).jpg
89;Andrei Kryszka;35;akryszka2g@yahoo.co.jp;gS0$~Jqe;User\ProfilePicture (89).jpg
90;Sarette Cardoo;29;scardoo2h@si.edu;rP8_7~i'k`(dc$>K;User\ProfilePicture (90).jpg
91;Wynn Andrieux;32;wandrieux2i@simplemachines.org;tO5%OzB\3kIG9;User\ProfilePicture (91).jpg
92;Shelbi Mantrip;39;smantrip2j@rambler.ru;lN4_.XqBh;User\ProfilePicture (92).jpg
93;Danny Livings;18;dlivings2k@hp.com;"pY1""I%Di_PEiKU";User\ProfilePicture (93).jpg
94;Peyter Geany;34;pgeany2l@reuters.com;kN5'xmEm4*i6G\jD;User\ProfilePicture (94).jpg
95;Pryce Nadin;27;pnadin2m@purevolume.com;rC6%ydaQ;User\ProfilePicture (95).jpg
96;Hyatt Kimpton;19;hkimpton2n@vimeo.com;lH8<{0bL;User\ProfilePicture (96).jpg
97;Josephine Cancott;38;jcancott2o@cdc.gov;bH9&r1PZ9%h1;User\ProfilePicture (97).jpg
98;Ina McKennan;28;imckennan2p@nsw.gov.au;"eR4!F"".EiTh7D";User\ProfilePicture (98).jpg
99;Essa Iannuzzelli;33;eiannuzzelli2q@prlog.org;eO3*C8U>3';User\ProfilePicture (99).jpg
100;Peter Wiszniewski;28;pwiszniewski2r@etsy.com;bJ9_+ajuUj`zS;User\ProfilePicture (100).jpg
101;Solomon Lochran;39;slochran2s@economist.com;fI7}B>8XZpL9T+Y;User\ProfilePicture (101).jpg
102;Hilda Stedall;21;hstedall2t@comsenz.com;uE2_t%'9;User\ProfilePicture (102).jpg
103;Curtis Colclough;30;ccolclough2u@wordpress.com;uP7?J,6Q;User\ProfilePicture (103).jpg
104;Fern Durban;27;fdurban2v@studiopress.com;bJ1&>zz1epW';User\ProfilePicture (104).jpg
105;Esmeralda Forster;37;eforster2w@google.fr;rK7#Lwdr8+A.;User\ProfilePicture (105).jpg
106;Cara Keneleyside;32;ckeneleyside2x@so-net.ne.jp;kT3#DVyrkOpfq;User\ProfilePicture (106).jpg
107;Kean Schultz;24;kschultz2y@twitter.com;fB9<R%<Kj\N;User\ProfilePicture (107).jpg
108;Honoria Hebson;33;hhebson2z@intel.com;pR0_\VzWz6'M}i6z;User\ProfilePicture (108).jpg
109;Tamiko Girardez;18;tgirardez30@army.mil;uI0(.3ckx(jc1``;User\ProfilePicture (109).jpg
110;Maryl Abthorpe;39;mabthorpe31@columbia.edu;vO8!F1cm;User\ProfilePicture (110).jpg
111;Queenie Duplock;38;qduplock32@senate.gov;eP6{Xna>v~z/\WID;User\ProfilePicture (111).jpg
112;Krisha Barkes;18;kbarkes33@microsoft.com;tB4)$3)O,&3;User\ProfilePicture (112).jpg
113;Bard Adam;38;badam34@telegraph.co.uk;"hU3""~+jjR";User\ProfilePicture (113).jpg
114;Sella Luxton;39;sluxton35@google.com.hk;tZ6@AVFvk4*!;User\ProfilePicture (114).jpg
115;Corry Twitchett;26;ctwitchett36@squidoo.com;aQ6<+D8qwSiM?;User\ProfilePicture (115).jpg
116;Othelia Beaven;23;obeaven37@desdev.cn;tF0&x0UzM;User\ProfilePicture (116).jpg
117;Audre O'Doran;30;aodoran38@hc360.com;aF5>g&0~adtW;User\ProfilePicture (117).jpg
118;Lothaire Faire;32;lfaire39@xing.com;gV5$Kk~k/#y4d=uH;User\ProfilePicture (118).jpg
119;Casi Bosson;25;cbosson3a@newsvine.com;"cK2$""3R*`wm";User\ProfilePicture (119).jpg
120;Jonah Duhig;32;jduhig3b@sina.com.cn;vZ9%AQb5p&b327;User\ProfilePicture (120).jpg
121;Modestine Batey;35;mbatey3c@dedecms.com;tV7|}t6#b;User\ProfilePicture (121).jpg
122;Barnett Surgener;24;bsurgener3d@admin.ch;nS4~ujj6zp_%JVs;User\ProfilePicture (122).jpg
123;Ed Hallowell;32;ehallowell3e@networksolutions.com;aI4@|Mjer>;User\ProfilePicture (123).jpg
124;Herc Nosworthy;22;hnosworthy3f@blinklist.com;wJ9.gaxgBw25FPY;User\ProfilePicture (124).jpg
125;Malachi Tremayne;24;mtremayne3g@creativecommons.org;kG3$ml2N}7T_l)2;User\ProfilePicture (125).jpg
126;Mordecai Crolla;32;mcrolla3h@ameblo.jp;tH1&ZQw8,Dwd~j;User\ProfilePicture (126).jpg
127;Magdalen Kloster;38;mkloster3i@php.net;iY0&>#?>Op!eZ!f;User\ProfilePicture (127).jpg
128;Sallyanne Wasmuth;28;swasmuth3j@icq.com;aX9+8iAtRT};User\ProfilePicture (128).jpg
129;Herman Shiels;29;hshiels3k@cpanel.net;aT8<Ci(nu|v;User\ProfilePicture (129).jpg
130;Ode Squibb;27;osquibb3l@usda.gov;xW3!}&m#h;User\ProfilePicture (130).jpg
131;Estrellita Haylock;21;ehaylock3m@shop-pro.jp;rQ4)B_2DGmlyEGNj;User\ProfilePicture (131).jpg
132;Annadiane Jeram;31;ajeram3n@amazon.co.jp;qL7%zU!5mf=wT|q2;User\ProfilePicture (132).jpg
133;Berny Cosgry;29;bcosgry3o@about.com;qG3=u0G8L(O*FG#D;User\ProfilePicture (133).jpg
134;Cecil Casswell;27;ccasswell3p@google.co.uk;rH3~u`C'ixjN;User\ProfilePicture (134).jpg
135;Savina Gurton;22;sgurton3q@ca.gov;gM6+6A5i#<ba;User\ProfilePicture (135).jpg
136;Bellanca Sholl;35;bsholl3r@sphinn.com;nL3@LZb4nfmv{;User\ProfilePicture (136).jpg
137;Padget Brackenridge;28;pbrackenridge3s@youtube.com;pE1$W{WY3PxPsQ;User\ProfilePicture (137).jpg
138;Merrili Jacox;25;mjacox3t@digg.com;cZ7{J0hZ}z;User\ProfilePicture (138).jpg
139;Maurita Mattedi;33;mmattedi3u@storify.com;kO1_NK/amlUI`@xT;User\ProfilePicture (139).jpg
140;Diana Cotton;25;dcotton3v@dailymail.co.uk;pQ3=YlVm%s5&aKXa;User\ProfilePicture (140).jpg
141;Horst Giraudy;34;hgiraudy3w@patch.com;uP0(Rrunr7w;User\ProfilePicture (141).jpg
142;Rochelle Deverock;29;rdeverock3x@is.gd;eL4=MK8EsaHMw;User\ProfilePicture (142).jpg
143;Devonne Handrock;25;dhandrock3y@biglobe.ne.jp;iG0'$3*i;User\ProfilePicture (143).jpg
144;Dede Bench;18;dbench3z@networkadvertising.org;gE7*)/*&&0H';User\ProfilePicture (144).jpg
145;Mikaela Bartles;37;mbartles40@clickbank.net;kJ3`}Z.Nr+X+78;User\ProfilePicture (145).jpg
146;Windy Darling;38;wdarling41@accuweather.com;tK4{K+wCY=I;User\ProfilePicture (146).jpg
147;Caren Meffin;18;cmeffin42@facebook.com;dR4\!>tIr#1uHm;User\ProfilePicture (147).jpg
148;Bil Sturge;33;bsturge43@imageshack.us;tM6'Fo|,2)LL;User\ProfilePicture (148).jpg
149;Vic Giametti;30;vgiametti44@fda.gov;"rE9|/$""!`y&{I9L";User\ProfilePicture (149).jpg
150;Anthe Backs;40;abacks45@princeton.edu;gI8)/gHNJ~m#|MF;User\ProfilePicture (150).jpg
151;Melvin Ingre;36;mingre46@delicious.com;hD6\|DQ/ejHcU5;User\ProfilePicture (151).jpg
152;Zulema Ossipenko;25;zossipenko47@cdbaby.com;eB7=5C2D'Q;User\ProfilePicture (152).jpg
153;Staci Champley;39;schampley48@taobao.com;fY2\o10@\?KIa;User\ProfilePicture (153).jpg
154;Janene Golling;31;jgolling49@t.co;qH2%4=wq;User\ProfilePicture (154).jpg
155;Nicolette Andrioni;37;nandrioni4a@booking.com;qZ6.QPDLJggC;User\ProfilePicture (155).jpg
156;Consolata Hundal;31;chundal4b@washington.edu;bU2=YWlq2n9XK;User\ProfilePicture (156).jpg
157;Suellen Wloch;28;swloch4c@cocolog-nifty.com;bG5@0A#v|pa#os;User\ProfilePicture (157).jpg
158;Lorie Dressel;23;ldressel4d@opera.com;hW0\ec#n0F4Y(i?;User\ProfilePicture (158).jpg
159;Standford Hubatsch;20;shubatsch4e@google.fr;hK4\Xjm+#Fx;User\ProfilePicture (159).jpg
160;Sadie Whittleton;36;swhittleton4f@edublogs.org;lZ1@47+~up%cUq;User\ProfilePicture (160).jpg
161;Juliann Proske;33;jproske4g@themeforest.net;hJ1%Zk3MG;User\ProfilePicture (161).jpg
162;Romola Gofford;25;rgofford4h@furl.net;eU4@wkgfq;User\ProfilePicture (162).jpg
163;Ase Izhakov;40;aizhakov4i@dailymail.co.uk;"aP0""'Kc|z";User\ProfilePicture (163).jpg
164;Lauritz MacFadin;19;lmacfadin4j@1688.com;gU3.rG(_d19+;User\ProfilePicture (164).jpg
165;Harwilll Edensor;23;hedensor4k@bluehost.com;qY9,YUxJW;User\ProfilePicture (165).jpg
166;Joanna Ferreira;26;jferreira4l@abc.net.au;pS4_cG>eY2;User\ProfilePicture (166).jpg
167;Frieda Knudsen;19;fknudsen4m@altervista.org;yT9}1Qu1A`c\9ku;User\ProfilePicture (167).jpg
168;Rodd Krause;38;rkrause4n@bluehost.com;eP2&?t16;User\ProfilePicture (168).jpg
169;Madge Yurocjkin;18;myurocjkin4o@craigslist.org;dN8>v1{>f.kt;User\ProfilePicture (169).jpg
170;Wade Christensen;19;wchristensen4p@wordpress.com;yU8\}#Pid>.ie;User\ProfilePicture (170).jpg
171;Rozamond Kezourec;33;rkezourec4q@salon.com;aK7+?/T)&hw5(;User\ProfilePicture (171).jpg
172;Veda Bricket;34;vbricket4r@storify.com;lQ2)}@fcC'5$d;User\ProfilePicture (172).jpg
173;Wynne Crossgrove;29;wcrossgrove4s@homestead.com;"uG3""rSMq<o)*.";User\ProfilePicture (173).jpg
174;Manolo Malafe;32;mmalafe4t@smh.com.au;"nX3),_f""";User\ProfilePicture (174).jpg
175;Fredia Blacket;36;fblacket4u@naver.com;"hV3{""2e&vD|";User\ProfilePicture (175).jpg
176;Karol Semrad;31;ksemrad4v@bizjournals.com;rQ6@2Z8G&znLS0?;User\ProfilePicture (176).jpg
177;Aryn Rawood;35;arawood4w@wikipedia.org;zR7*Qv)3)~@8EQ;User\ProfilePicture (177).jpg
178;Stanislaw Bonnavant;33;sbonnavant4x@posterous.com;"fC3%|(E@R7%""3J";User\ProfilePicture (178).jpg
179;Shaughn Swinley;27;sswinley4y@mapy.cz;fF2!bU<Aw`bZ=V;User\ProfilePicture (179).jpg
180;Antonino Pasek;24;apasek4z@hatena.ne.jp;"xV4.""yXa0ik2lFX?";User\ProfilePicture (180).jpg
181;Vivia Turbill;29;vturbill50@t-online.de;oD8!`TujR;User\ProfilePicture (181).jpg
182;Ase Skipworth;34;askipworth51@berkeley.edu;nF0`0ho`k&*3(W$;User\ProfilePicture (181).jpg
183;Uri Abramin;37;uabramin52@xinhuanet.com;dT5&9}sJ;User\ProfilePicture (181).jpg
184;Candace Flay;30;cflay53@twitpic.com;cU4&gv1SRN$p}+h;User\ProfilePicture (181).jpg
185;Joletta Gert;33;jgert54@time.com;kK5%vew(h0;User\ProfilePicture (181).jpg
186;Abbey Babe;28;ababe55@youku.com;vJ3&qW,|7+k;User\ProfilePicture (181).jpg
187;Sherill Watterson;25;swatterson56@go.com;bR1@/)okXk;User\ProfilePicture (181).jpg
188;Celestia Vela;37;cvela57@netscape.com;eA5/AeUl_;User\ProfilePicture (181).jpg
189;Weber Luno;21;wluno58@tumblr.com;fU7$n`6(fBM;User\ProfilePicture (181).jpg
190;Verne Cromleholme;18;vcromleholme59@theguardian.com;nX1=X}<qZCz;User\ProfilePicture (181).jpg
191;Layne Waything;32;lwaything5a@stumbleupon.com;dS2*ZDWe;User\ProfilePicture (181).jpg
192;Boyce Moller;37;bmoller5b@kickstarter.com;jN5>DIi_){)j0C9f;User\ProfilePicture (181).jpg
193;Chariot Limon;20;climon5c@exblog.jp;oB4$_e'L+'qqAx;User\ProfilePicture (181).jpg
194;Shem Martschik;31;smartschik5d@miitbeian.gov.cn;oW9$F>_osqT;User\ProfilePicture (181).jpg
195;Redford Lobe;29;rlobe5e@livejournal.com;oA6/@5>wI+;User\ProfilePicture (181).jpg
196;Nonna Cardillo;28;ncardillo5f@blogtalkradio.com;fW1#gUv9ouyO\hl;User\ProfilePicture (181).jpg
197;Thornie Donnison;27;tdonnison5g@dropbox.com;rV8'l'apfo;User\ProfilePicture (181).jpg
198;Neila Bessey;26;nbessey5h@lycos.com;nA6)l|vNI;User\ProfilePicture (181).jpg
199;Kenny Brelsford;18;kbrelsford5i@google.com.br;dT2/Pf4UCPD;User\ProfilePicture (181).jpg
200;Tiena Willavize;34;twillavize5j@europa.eu;aY4!iA@R.&3EY8H;User\ProfilePicture (181).jpg
201;Jennica Memmory;21;jmemmory5k@mac.com;"qM5&6%t$""*k";User\ProfilePicture (181).jpg
202;Tremaine Becker;21;tbecker5l@europa.eu;iT3%MLG.8~&Fe;User\ProfilePicture (181).jpg
203;Pat Cuppitt;24;pcuppitt5m@ning.com;"aF9*cY""U6a";User\ProfilePicture (181).jpg
204;Eleonore Buston;21;ebuston5n@washingtonpost.com;qP4_cPe\6$;User\ProfilePicture (181).jpg
205;Barbara-anne Gear;24;bgear5o@sphinn.com;bK4%vg,Q;User\ProfilePicture (181).jpg
206;Brittan Joyson;30;bjoyson5p@virginia.edu;zA3{M?aD)g1;User\ProfilePicture (181).jpg
207;Branden Kidson;20;bkidson5q@cloudflare.com;bE5(c`I2$};User\ProfilePicture (181).jpg
208;Wright Fleischmann;27;wfleischmann5r@etsy.com;iE1+7H`cY$iXo6;User\ProfilePicture (181).jpg
209;Marwin McGuiney;19;mmcguiney5s@imageshack.us;kR2#G2z_5aGti;User\ProfilePicture (181).jpg
210;Niko MacGille;18;nmacgille5t@edublogs.org;dM2~{RY$vJ)ra?;User\ProfilePicture (181).jpg
211;Silas Hamshaw;22;shamshaw5u@virginia.edu;vE4'qzJZYiIlz5;User\ProfilePicture (181).jpg
212;Hildy Amort;28;hamort5v@economist.com;iX2!Du>g{XsCeEy3;User\ProfilePicture (181).jpg
213;Dara Johannesson;20;djohannesson5w@zimbio.com;nP8#jLrDD3;User\ProfilePicture (181).jpg
214;Hershel McNair;30;hmcnair5x@dagondesign.com;uT8/XOzv}SlK;User\ProfilePicture (181).jpg
215;Ranique Cassey;23;rcassey5y@tiny.cc;dW1>pNi?CW>7;User\ProfilePicture (181).jpg
216;Mari Spurden;28;mspurden5z@cbslocal.com;uD0<_}6}6;User\ProfilePicture (181).jpg
217;Nannette Paolino;20;npaolino60@ucoz.com;aI4}R74.+;User\ProfilePicture (181).jpg
218;Anett Stiger;29;astiger61@dropbox.com;"sD0""!q!q%Tj=9*T";User\ProfilePicture (181).jpg
219;Marian Vardon;24;mvardon62@sakura.ne.jp;"oC5""PZE3|";User\ProfilePicture (181).jpg
220;Stanislaus Shoulders;23;sshoulders63@ezinearticles.com;uB6'Uy#i)I;User\ProfilePicture (181).jpg
221;Felisha Silbert;30;fsilbert64@vistaprint.com;yD8)>%yRAFtD;User\ProfilePicture (181).jpg
222;Alfy Pogue;30;apogue65@psu.edu;mG5,*_b>Ch8o.)W;User\ProfilePicture (181).jpg
223;Lawton Ondracek;20;londracek66@nifty.com;zX1|MY2};User\ProfilePicture (181).jpg
224;Marie Hayhoe;28;mhayhoe67@sphinn.com;oJ8{Rk$V%;User\ProfilePicture (181).jpg
225;Fay Halse;19;fhalse68@sogou.com;cK2?HaIGn;User\ProfilePicture (181).jpg
226;Danna Latimer;23;dlatimer69@t-online.de;"aR9""'{9l";User\ProfilePicture (181).jpg
227;Myrah Coultous;25;mcoultous6a@bluehost.com;hP9$D)4w+#mY6v;User\ProfilePicture (181).jpg
228;Raimondo Eller;18;reller6b@washingtonpost.com;xL4?D+sPH;User\ProfilePicture (181).jpg
229;Trudey Farn;20;tfarn6c@ucoz.ru;kP7!t%)7_auPVc;User\ProfilePicture (181).jpg
230;Morganica Peaden;20;mpeaden6d@slashdot.org;qB7>f0&B=Ht~BeN;User\ProfilePicture (181).jpg
231;Issie Halegarth;28;ihalegarth6e@indiatimes.com;cN1/+s+iu|?~;User\ProfilePicture (181).jpg
232;Tim Gover;30;tgover6f@smh.com.au;fP8/8@`.i%|q;User\ProfilePicture (181).jpg
233;Gayler Fison;23;gfison6g@java.com;nB5=s)H@1hy*;User\ProfilePicture (181).jpg
234;Eadmund Button;27;ebutton6h@wiley.com;"fU2{""/Vs$_|b";User\ProfilePicture (181).jpg
235;Alisa Vater;18;avater6i@goo.ne.jp;tN8>zL\WttEWKIa;User\ProfilePicture (181).jpg
236;Drusie Beslier;23;dbeslier6j@cbslocal.com;zY9\)t3/nTW0N;User\ProfilePicture (181).jpg
237;Marie-ann Adnet;20;madnet6k@foxnews.com;lI1=2o79.e++U;User\ProfilePicture (181).jpg
238;Marketa Hughill;30;mhughill6l@blogger.com;fR5|2'NorN\;User\ProfilePicture (181).jpg
239;Nicol Albany;23;nalbany6m@patch.com;"kP6""r%@m9B`@jg7V";User\ProfilePicture (181).jpg
240;Aili Bythell;22;abythell6n@ucoz.ru;bS3*x<)JGkW;User\ProfilePicture (181).jpg
241;Trever Imlaw;20;timlaw6o@blogger.com;aP0/mw>9&G;User\ProfilePicture (181).jpg
242;Waite Jewiss;20;wjewiss6p@un.org;"wS7>=j`""yjVM";User\ProfilePicture (181).jpg
243;Claude Batrop;20;cbatrop6q@tiny.cc;kX9>Vj2*eXb;User\ProfilePicture (181).jpg
244;Lorianne Champagne;27;lchampagne6r@fotki.com;jV4`P/`l!d0VN;User\ProfilePicture (181).jpg
245;Cariotta Gimblett;27;cgimblett6s@symantec.com;tJ9$b}w<T7fytZ=L;User\ProfilePicture (181).jpg
246;Ingelbert Ingold;28;iingold6t@wikimedia.org;lK5+l3'jj{PQM;User\ProfilePicture (181).jpg
247;Phebe Fleetham;28;pfleetham6u@fda.gov;aE1/t0\o.X;User\ProfilePicture (181).jpg
248;Guglielma Cheng;29;gcheng6v@hexun.com;"yX9""ys&dC>ITFZUM";User\ProfilePicture (181).jpg
249;Bronson Bloxland;19;bbloxland6w@shareasale.com;yK7+x(I?(_Uf;User\ProfilePicture (181).jpg
250;Cindie Deerr;27;cdeerr6x@amazon.co.jp;mN7%xbAD}?|2n5v;User\ProfilePicture (181).jpg
251;Sue Dorset;29;sdorset6y@ca.gov;eJ5|{WIFRGXU##;User\ProfilePicture (181).jpg
252;Rourke Trynor;30;rtrynor6z@ycombinator.com;tW3\Z_$225;User\ProfilePicture (181).jpg
253;Cyndia Basini-Gazzi;34;cbasinigazzi70@wsj.com;eG6}$M'kUVlm\@4y;User\ProfilePicture (181).jpg
254;Hannis Mil;34;hmil71@blogs.com;rL7*Nvi5TOoZ;User\ProfilePicture (181).jpg
255;Carrol Lapere;30;clapere72@yale.edu;dY7}}iIf;User\ProfilePicture (181).jpg
256;Shirley Vaughn;39;svaughn73@yale.edu;eA9,%B/4';User\ProfilePicture (181).jpg
257;Anthea Meagher;25;ameagher74@ebay.com;rS4\/%/KQqO;User\ProfilePicture (181).jpg
258;Carline Pepis;38;cpepis75@exblog.jp;rR0{p/8v~z;User\ProfilePicture (181).jpg
259;Giuseppe Babar;27;gbabar76@example.com;vV1+wk#sY=X#Z;User\ProfilePicture (181).jpg
260;Ker Bigmore;33;kbigmore77@bandcamp.com;"dP5(FFxp6F}0""l";User\ProfilePicture (181).jpg
261;Theadora Swinbourne;38;tswinbourne78@bizjournals.com;pH4<ks)4$zln;User\ProfilePicture (181).jpg
262;Odey Rushbrook;38;orushbrook79@angelfire.com;hN2_BdE?hV;User\ProfilePicture (181).jpg
263;Ringo Goaks;27;rgoaks7a@hexun.com;oR6>XeB|e59.Fuo>;User\ProfilePicture (181).jpg
264;Gale Bottle;37;gbottle7b@trellian.com;dM0,)y\<YQ}O*m}=;User\ProfilePicture (181).jpg
265;Gelya M'Chirrie;30;gmchirrie7c@upenn.edu;yS5~wlTt`8=y4;User\ProfilePicture (181).jpg
266;Chloette Mathivat;32;cmathivat7d@cloudflare.com;gW3.GR,J\sw;User\ProfilePicture (181).jpg
267;Almire Stanlack;31;astanlack7e@purevolume.com;kZ2$Pa.=0X;User\ProfilePicture (181).jpg
268;Murry Gheeorghie;32;mgheeorghie7f@joomla.org;nF3(_Gsa;User\ProfilePicture (181).jpg
269;Kendell Erswell;36;kerswell7g@imgur.com;cZ2>sXO);User\ProfilePicture (181).jpg
270;Linus Riddall;25;lriddall7h@jiathis.com;eR3&F/UCZR#pn~{;User\ProfilePicture (181).jpg
271;Hirsch Rosenblatt;37;hrosenblatt7i@ifeng.com;yR9+zkJd#BbSE;User\ProfilePicture (181).jpg
272;Madella Bicker;30;mbicker7j@phpbb.com;"mS4""c/<=j/pTX";User\ProfilePicture (181).jpg
273;Pris Melmar;33;pmelmar7k@yahoo.co.jp;zM9<Ebb7C{q9N);User\ProfilePicture (181).jpg
274;Helsa Mycroft;38;hmycroft7l@unc.edu;gD7&{arK@;User\ProfilePicture (181).jpg
275;Vivi Christofe;34;vchristofe7m@opera.com;mY1_vM/a;User\ProfilePicture (181).jpg
276;Pooh Roskell;39;proskell7n@msn.com;jI1&Q}h&#g;User\ProfilePicture (181).jpg
277;Eleanore Curror;29;ecurror7o@psu.edu;"dF1_!O""/6C!";User\ProfilePicture (181).jpg
278;Tiff Robjohns;40;trobjohns7p@constantcontact.com;uG0+xSx8aIRcZok;User\ProfilePicture (181).jpg
279;Elston Maneylaws;28;emaneylaws7q@squarespace.com;mU5_zOL'~Bp;User\ProfilePicture (181).jpg
280;Bran Nerger;40;bnerger7r@answers.com;gF5#$AI|m(K\yjZv;User\ProfilePicture (181).jpg
281;Rochell Loder;30;rloder7s@sphinn.com;iM7(,!25Bo;User\ProfilePicture (181).jpg
282;Abby Belfelt;39;abelfelt7t@tripadvisor.com;fS1)z`4m;User\ProfilePicture (181).jpg
283;Trevar Newlands;37;tnewlands7u@ftc.gov;"pJ9|hp1t/X&9Zg""Q";User\ProfilePicture (181).jpg
284;Wilma Wermerling;29;wwermerling7v@51.la;mO3,250|+hM8,;User\ProfilePicture (181).jpg
285;Tamarah Monteaux;29;tmonteaux7w@geocities.jp;jH9?f2rg;User\ProfilePicture (181).jpg
286;Arni Scarrott;35;ascarrott7x@loc.gov;jJ0)/?0bS7%x;User\ProfilePicture (181).jpg
287;Babb Horwell;27;bhorwell7y@uiuc.edu;tK2>ba>yZ1PI7q};User\ProfilePicture (181).jpg
288;Shandy Kohrt;30;skohrt7z@rambler.ru;"wG2_""3zC'grHbP&z";User\ProfilePicture (181).jpg
289;Danya Shalloo;35;dshalloo80@gnu.org;wD9_zTod;User\ProfilePicture (181).jpg
290;Derry Southcomb;34;dsouthcomb81@bravesites.com;dH5((/uo;User\ProfilePicture (181).jpg
291;Leigh Waugh;25;lwaugh82@a8.net;oA2'+kJ%CJ.AM;User\ProfilePicture (181).jpg
292;Mickie Athelstan;29;mathelstan83@eepurl.com;hJ0.1mun1XQTt;User\ProfilePicture (181).jpg
293;Serene Edgington;34;sedgington84@163.com;mW8$kKM<H@k5dpF;User\ProfilePicture (181).jpg
294;Sibbie Alecock;28;salecock85@bloglovin.com;pK0!%S/&E;User\ProfilePicture (181).jpg
295;Filip Wreford;31;fwreford86@ameblo.jp;yS5\xOL'($;User\ProfilePicture (181).jpg
296;Gaye Sopper;31;gsopper87@samsung.com;wV2~B_#fQ3iZ\skK;User\ProfilePicture (181).jpg
297;Rockey Bruckstein;39;rbruckstein88@cnet.com;jR9>!r2C*SR;User\ProfilePicture (181).jpg
298;Noland Jopke;38;njopke89@dmoz.org;tZ7{J=,Z)M?x,=#q;User\ProfilePicture (181).jpg
299;Catie Clyant;27;cclyant8a@drupal.org;uX7/q_*HY~NW;User\ProfilePicture (181).jpg
300;Tania Tearney;26;ttearney8b@google.com.hk;zP5_|#k6);User\ProfilePicture (181).jpg
